{
	"info": {
		"_postman_id": "5fa87f5b-1a19-4b37-ad72-7c33a6d87279",
		"name": "fiap-product-manager",
		"schema": "https://schema.getpostman.com/json/collection/v2.1.0/collection.json",
		"_exporter_id": "11174996"
	},
	"item": [
		{
			"name": "process_products",
			"request": {
				"method": "POST",
				"header": [],
				"body": {
					"mode": "formdata",
					"formdata": [
						{
							"key": "file",
							"type": "file",
							"src": []
						}
					]
				},
				"url": {
					"raw": "http://localhost:8081/products",
					"protocol": "http",
					"host": [
						"localhost"
					],
					"port": "8081",
					"path": [
						"products"
					],
					"query": [
						{
							"key": "date",
							"value": "2024-05-15T21:43:15",
							"disabled": true
						}
					]
				}
			},
			"response": []
		},
		{
			"name": "get_all_products",
			"request": {
				"method": "GET",
				"header": [],
				"url": {
					"raw": "http://localhost:8081/products",
					"protocol": "http",
					"host": [
						"localhost"
					],
					"port": "8081",
					"path": [
						"products"
					]
				}
			},
			"response": []
		},
		{
			"name": "get_product",
			"request": {
				"method": "GET",
				"header": [],
				"url": {
					"raw": "http://localhost:8081/products/1",
					"protocol": "http",
					"host": [
						"localhost"
					],
					"port": "8081",
					"path": [
						"products",
						"1"
					]
				}
			},
			"response": []
		},
		{
			"name": "remove_product",
			"request": {
				"method": "DELETE",
				"header": [],
				"url": {
					"raw": "http://localhost:8081/products/1",
					"protocol": "http",
					"host": [
						"localhost"
					],
					"port": "8081",
					"path": [
						"products",
						"1"
					]
				}
			},
			"response": []
		},
		{
			"name": "update_product",
			"request": {
				"method": "PUT",
				"header": [],
				"body": {
					"mode": "raw",
					"raw": "{\r\n    \"description\": \"Camisa polo\",\r\n    \"price\": \"200.00\",\r\n    \"storeQuantity\": \"20\"\r\n}",
					"options": {
						"raw": {
							"language": "json"
						}
					}
				},
				"url": {
					"raw": "http://localhost:8081/products/1/stocks",
					"protocol": "http",
					"host": [
						"localhost"
					],
					"port": "8081",
					"path": [
						"products",
						"1",
						"stocks"
					]
				}
			},
			"response": []
		}
	]
}